--
-- PostgreSQL database dump
--

\restrict R0AHFpCl3NMFivnzy2uQqAKrR1L2S3Kbe9UqpdG3eR25UIaW21PfuJU0VStabxE

-- Dumped from database version 14.22 (Ubuntu 14.22-0ubuntu0.22.04.1)
-- Dumped by pg_dump version 14.22 (Ubuntu 14.22-0ubuntu0.22.04.1)

SET statement_timeout = 0;
SET lock_timeout = 0;
SET idle_in_transaction_session_timeout = 0;
SET client_encoding = 'UTF8';
SET standard_conforming_strings = on;
SELECT pg_catalog.set_config('search_path', '', false);
SET check_function_bodies = false;
SET xmloption = content;
SET client_min_messages = warning;
SET row_security = off;

SET default_tablespace = '';

SET default_table_access_method = heap;

--
-- Name: auth_group; Type: TABLE; Schema: public; Owner: habituser
--

CREATE TABLE public.auth_group (
    id integer NOT NULL,
    name character varying(150) NOT NULL
);


ALTER TABLE public.auth_group OWNER TO habituser;

--
-- Name: auth_group_id_seq; Type: SEQUENCE; Schema: public; Owner: habituser
--

ALTER TABLE public.auth_group ALTER COLUMN id ADD GENERATED BY DEFAULT AS IDENTITY (
    SEQUENCE NAME public.auth_group_id_seq
    START WITH 1
    INCREMENT BY 1
    NO MINVALUE
    NO MAXVALUE
    CACHE 1
);


--
-- Name: auth_group_permissions; Type: TABLE; Schema: public; Owner: habituser
--

CREATE TABLE public.auth_group_permissions (
    id bigint NOT NULL,
    group_id integer NOT NULL,
    permission_id integer NOT NULL
);


ALTER TABLE public.auth_group_permissions OWNER TO habituser;

--
-- Name: auth_group_permissions_id_seq; Type: SEQUENCE; Schema: public; Owner: habituser
--

ALTER TABLE public.auth_group_permissions ALTER COLUMN id ADD GENERATED BY DEFAULT AS IDENTITY (
    SEQUENCE NAME public.auth_group_permissions_id_seq
    START WITH 1
    INCREMENT BY 1
    NO MINVALUE
    NO MAXVALUE
    CACHE 1
);


--
-- Name: auth_permission; Type: TABLE; Schema: public; Owner: habituser
--

CREATE TABLE public.auth_permission (
    id integer NOT NULL,
    name character varying(255) NOT NULL,
    content_type_id integer NOT NULL,
    codename character varying(100) NOT NULL
);


ALTER TABLE public.auth_permission OWNER TO habituser;

--
-- Name: auth_permission_id_seq; Type: SEQUENCE; Schema: public; Owner: habituser
--

ALTER TABLE public.auth_permission ALTER COLUMN id ADD GENERATED BY DEFAULT AS IDENTITY (
    SEQUENCE NAME public.auth_permission_id_seq
    START WITH 1
    INCREMENT BY 1
    NO MINVALUE
    NO MAXVALUE
    CACHE 1
);


--
-- Name: auth_user; Type: TABLE; Schema: public; Owner: habituser
--

CREATE TABLE public.auth_user (
    id integer NOT NULL,
    password character varying(128) NOT NULL,
    last_login timestamp with time zone,
    is_superuser boolean NOT NULL,
    username character varying(150) NOT NULL,
    first_name character varying(150) NOT NULL,
    last_name character varying(150) NOT NULL,
    email character varying(254) NOT NULL,
    is_staff boolean NOT NULL,
    is_active boolean NOT NULL,
    date_joined timestamp with time zone NOT NULL
);


ALTER TABLE public.auth_user OWNER TO habituser;

--
-- Name: auth_user_groups; Type: TABLE; Schema: public; Owner: habituser
--

CREATE TABLE public.auth_user_groups (
    id bigint NOT NULL,
    user_id integer NOT NULL,
    group_id integer NOT NULL
);


ALTER TABLE public.auth_user_groups OWNER TO habituser;

--
-- Name: auth_user_groups_id_seq; Type: SEQUENCE; Schema: public; Owner: habituser
--

ALTER TABLE public.auth_user_groups ALTER COLUMN id ADD GENERATED BY DEFAULT AS IDENTITY (
    SEQUENCE NAME public.auth_user_groups_id_seq
    START WITH 1
    INCREMENT BY 1
    NO MINVALUE
    NO MAXVALUE
    CACHE 1
);


--
-- Name: auth_user_id_seq; Type: SEQUENCE; Schema: public; Owner: habituser
--

ALTER TABLE public.auth_user ALTER COLUMN id ADD GENERATED BY DEFAULT AS IDENTITY (
    SEQUENCE NAME public.auth_user_id_seq
    START WITH 1
    INCREMENT BY 1
    NO MINVALUE
    NO MAXVALUE
    CACHE 1
);


--
-- Name: auth_user_user_permissions; Type: TABLE; Schema: public; Owner: habituser
--

CREATE TABLE public.auth_user_user_permissions (
    id bigint NOT NULL,
    user_id integer NOT NULL,
    permission_id integer NOT NULL
);


ALTER TABLE public.auth_user_user_permissions OWNER TO habituser;

--
-- Name: auth_user_user_permissions_id_seq; Type: SEQUENCE; Schema: public; Owner: habituser
--

ALTER TABLE public.auth_user_user_permissions ALTER COLUMN id ADD GENERATED BY DEFAULT AS IDENTITY (
    SEQUENCE NAME public.auth_user_user_permissions_id_seq
    START WITH 1
    INCREMENT BY 1
    NO MINVALUE
    NO MAXVALUE
    CACHE 1
);


--
-- Name: django_admin_log; Type: TABLE; Schema: public; Owner: habituser
--

CREATE TABLE public.django_admin_log (
    id integer NOT NULL,
    action_time timestamp with time zone NOT NULL,
    object_id text,
    object_repr character varying(200) NOT NULL,
    action_flag smallint NOT NULL,
    change_message text NOT NULL,
    content_type_id integer,
    user_id integer NOT NULL,
    CONSTRAINT django_admin_log_action_flag_check CHECK ((action_flag >= 0))
);


ALTER TABLE public.django_admin_log OWNER TO habituser;

--
-- Name: django_admin_log_id_seq; Type: SEQUENCE; Schema: public; Owner: habituser
--

ALTER TABLE public.django_admin_log ALTER COLUMN id ADD GENERATED BY DEFAULT AS IDENTITY (
    SEQUENCE NAME public.django_admin_log_id_seq
    START WITH 1
    INCREMENT BY 1
    NO MINVALUE
    NO MAXVALUE
    CACHE 1
);


--
-- Name: django_content_type; Type: TABLE; Schema: public; Owner: habituser
--

CREATE TABLE public.django_content_type (
    id integer NOT NULL,
    app_label character varying(100) NOT NULL,
    model character varying(100) NOT NULL
);


ALTER TABLE public.django_content_type OWNER TO habituser;

--
-- Name: django_content_type_id_seq; Type: SEQUENCE; Schema: public; Owner: habituser
--

ALTER TABLE public.django_content_type ALTER COLUMN id ADD GENERATED BY DEFAULT AS IDENTITY (
    SEQUENCE NAME public.django_content_type_id_seq
    START WITH 1
    INCREMENT BY 1
    NO MINVALUE
    NO MAXVALUE
    CACHE 1
);


--
-- Name: django_migrations; Type: TABLE; Schema: public; Owner: habituser
--

CREATE TABLE public.django_migrations (
    id bigint NOT NULL,
    app character varying(255) NOT NULL,
    name character varying(255) NOT NULL,
    applied timestamp with time zone NOT NULL
);


ALTER TABLE public.django_migrations OWNER TO habituser;

--
-- Name: django_migrations_id_seq; Type: SEQUENCE; Schema: public; Owner: habituser
--

ALTER TABLE public.django_migrations ALTER COLUMN id ADD GENERATED BY DEFAULT AS IDENTITY (
    SEQUENCE NAME public.django_migrations_id_seq
    START WITH 1
    INCREMENT BY 1
    NO MINVALUE
    NO MAXVALUE
    CACHE 1
);


--
-- Name: django_session; Type: TABLE; Schema: public; Owner: habituser
--

CREATE TABLE public.django_session (
    session_key character varying(40) NOT NULL,
    session_data text NOT NULL,
    expire_date timestamp with time zone NOT NULL
);


ALTER TABLE public.django_session OWNER TO habituser;

--
-- Name: habits_entry; Type: TABLE; Schema: public; Owner: habituser
--

CREATE TABLE public.habits_entry (
    id bigint NOT NULL,
    date date NOT NULL,
    status character varying(20) NOT NULL,
    notes text NOT NULL,
    created_at timestamp with time zone NOT NULL,
    habit_id bigint NOT NULL
);


ALTER TABLE public.habits_entry OWNER TO habituser;

--
-- Name: habits_entry_id_seq; Type: SEQUENCE; Schema: public; Owner: habituser
--

ALTER TABLE public.habits_entry ALTER COLUMN id ADD GENERATED BY DEFAULT AS IDENTITY (
    SEQUENCE NAME public.habits_entry_id_seq
    START WITH 1
    INCREMENT BY 1
    NO MINVALUE
    NO MAXVALUE
    CACHE 1
);


--
-- Name: habits_habit; Type: TABLE; Schema: public; Owner: habituser
--

CREATE TABLE public.habits_habit (
    id bigint NOT NULL,
    name character varying(200) NOT NULL,
    description text NOT NULL,
    is_active boolean NOT NULL,
    created_at timestamp with time zone NOT NULL,
    user_id integer NOT NULL
);


ALTER TABLE public.habits_habit OWNER TO habituser;

--
-- Name: habits_habit_id_seq; Type: SEQUENCE; Schema: public; Owner: habituser
--

ALTER TABLE public.habits_habit ALTER COLUMN id ADD GENERATED BY DEFAULT AS IDENTITY (
    SEQUENCE NAME public.habits_habit_id_seq
    START WITH 1
    INCREMENT BY 1
    NO MINVALUE
    NO MAXVALUE
    CACHE 1
);


--
-- Name: notes_category; Type: TABLE; Schema: public; Owner: habituser
--

CREATE TABLE public.notes_category (
    id bigint NOT NULL,
    name character varying(100) NOT NULL,
    color character varying(7) NOT NULL,
    created_at timestamp with time zone NOT NULL,
    user_id integer NOT NULL
);


ALTER TABLE public.notes_category OWNER TO habituser;

--
-- Name: notes_category_id_seq; Type: SEQUENCE; Schema: public; Owner: habituser
--

ALTER TABLE public.notes_category ALTER COLUMN id ADD GENERATED BY DEFAULT AS IDENTITY (
    SEQUENCE NAME public.notes_category_id_seq
    START WITH 1
    INCREMENT BY 1
    NO MINVALUE
    NO MAXVALUE
    CACHE 1
);


--
-- Name: notes_note; Type: TABLE; Schema: public; Owner: habituser
--

CREATE TABLE public.notes_note (
    id bigint NOT NULL,
    title character varying(255) NOT NULL,
    description text NOT NULL,
    url character varying(200) NOT NULL,
    created_at timestamp with time zone NOT NULL,
    updated_at timestamp with time zone NOT NULL,
    category_id bigint,
    subcategory_id bigint,
    user_id integer NOT NULL
);


ALTER TABLE public.notes_note OWNER TO habituser;

--
-- Name: notes_note_id_seq; Type: SEQUENCE; Schema: public; Owner: habituser
--

ALTER TABLE public.notes_note ALTER COLUMN id ADD GENERATED BY DEFAULT AS IDENTITY (
    SEQUENCE NAME public.notes_note_id_seq
    START WITH 1
    INCREMENT BY 1
    NO MINVALUE
    NO MAXVALUE
    CACHE 1
);


--
-- Name: notes_subcategory; Type: TABLE; Schema: public; Owner: habituser
--

CREATE TABLE public.notes_subcategory (
    id bigint NOT NULL,
    name character varying(100) NOT NULL,
    created_at timestamp with time zone NOT NULL,
    category_id bigint NOT NULL,
    user_id integer NOT NULL
);


ALTER TABLE public.notes_subcategory OWNER TO habituser;

--
-- Name: notes_subcategory_id_seq; Type: SEQUENCE; Schema: public; Owner: habituser
--

ALTER TABLE public.notes_subcategory ALTER COLUMN id ADD GENERATED BY DEFAULT AS IDENTITY (
    SEQUENCE NAME public.notes_subcategory_id_seq
    START WITH 1
    INCREMENT BY 1
    NO MINVALUE
    NO MAXVALUE
    CACHE 1
);


--
-- Name: tasks_plan; Type: TABLE; Schema: public; Owner: habituser
--

CREATE TABLE public.tasks_plan (
    id bigint NOT NULL,
    name character varying(100) NOT NULL,
    type character varying(10) NOT NULL,
    start_date date,
    end_date date,
    is_active boolean NOT NULL,
    created_at timestamp with time zone NOT NULL,
    user_id integer NOT NULL
);


ALTER TABLE public.tasks_plan OWNER TO habituser;

--
-- Name: tasks_plan_id_seq; Type: SEQUENCE; Schema: public; Owner: habituser
--

ALTER TABLE public.tasks_plan ALTER COLUMN id ADD GENERATED BY DEFAULT AS IDENTITY (
    SEQUENCE NAME public.tasks_plan_id_seq
    START WITH 1
    INCREMENT BY 1
    NO MINVALUE
    NO MAXVALUE
    CACHE 1
);


--
-- Name: tasks_task; Type: TABLE; Schema: public; Owner: habituser
--

CREATE TABLE public.tasks_task (
    id bigint NOT NULL,
    title character varying(255) NOT NULL,
    description text NOT NULL,
    status character varying(20) NOT NULL,
    priority integer NOT NULL,
    created_at timestamp with time zone NOT NULL,
    updated_at timestamp with time zone NOT NULL,
    parent_id bigint,
    user_id integer NOT NULL
);


ALTER TABLE public.tasks_task OWNER TO habituser;

--
-- Name: tasks_task_id_seq; Type: SEQUENCE; Schema: public; Owner: habituser
--

ALTER TABLE public.tasks_task ALTER COLUMN id ADD GENERATED BY DEFAULT AS IDENTITY (
    SEQUENCE NAME public.tasks_task_id_seq
    START WITH 1
    INCREMENT BY 1
    NO MINVALUE
    NO MAXVALUE
    CACHE 1
);


--
-- Name: tasks_taskplan; Type: TABLE; Schema: public; Owner: habituser
--

CREATE TABLE public.tasks_taskplan (
    id bigint NOT NULL,
    added_at timestamp with time zone NOT NULL,
    is_active boolean NOT NULL,
    plan_id bigint NOT NULL,
    task_id bigint NOT NULL
);


ALTER TABLE public.tasks_taskplan OWNER TO habituser;

--
-- Name: tasks_taskplan_id_seq; Type: SEQUENCE; Schema: public; Owner: habituser
--

ALTER TABLE public.tasks_taskplan ALTER COLUMN id ADD GENERATED BY DEFAULT AS IDENTITY (
    SEQUENCE NAME public.tasks_taskplan_id_seq
    START WITH 1
    INCREMENT BY 1
    NO MINVALUE
    NO MAXVALUE
    CACHE 1
);


--
-- Data for Name: auth_group; Type: TABLE DATA; Schema: public; Owner: habituser
--

COPY public.auth_group (id, name) FROM stdin;
\.


--
-- Data for Name: auth_group_permissions; Type: TABLE DATA; Schema: public; Owner: habituser
--

COPY public.auth_group_permissions (id, group_id, permission_id) FROM stdin;
\.


--
-- Data for Name: auth_permission; Type: TABLE DATA; Schema: public; Owner: habituser
--

COPY public.auth_permission (id, name, content_type_id, codename) FROM stdin;
1	Can add log entry	1	add_logentry
2	Can change log entry	1	change_logentry
3	Can delete log entry	1	delete_logentry
4	Can view log entry	1	view_logentry
5	Can add permission	2	add_permission
6	Can change permission	2	change_permission
7	Can delete permission	2	delete_permission
8	Can view permission	2	view_permission
9	Can add group	3	add_group
10	Can change group	3	change_group
11	Can delete group	3	delete_group
12	Can view group	3	view_group
13	Can add user	4	add_user
14	Can change user	4	change_user
15	Can delete user	4	delete_user
16	Can view user	4	view_user
17	Can add content type	5	add_contenttype
18	Can change content type	5	change_contenttype
19	Can delete content type	5	delete_contenttype
20	Can view content type	5	view_contenttype
21	Can add session	6	add_session
22	Can change session	6	change_session
23	Can delete session	6	delete_session
24	Can view session	6	view_session
25	Can add habit	7	add_habit
26	Can change habit	7	change_habit
27	Can delete habit	7	delete_habit
28	Can view habit	7	view_habit
29	Can add entry	8	add_entry
30	Can change entry	8	change_entry
31	Can delete entry	8	delete_entry
32	Can view entry	8	view_entry
33	Can add plan	9	add_plan
34	Can change plan	9	change_plan
35	Can delete plan	9	delete_plan
36	Can view plan	9	view_plan
37	Can add task	10	add_task
38	Can change task	10	change_task
39	Can delete task	10	delete_task
40	Can view task	10	view_task
41	Can add task plan	11	add_taskplan
42	Can change task plan	11	change_taskplan
43	Can delete task plan	11	delete_taskplan
44	Can view task plan	11	view_taskplan
45	Can add category	12	add_category
46	Can change category	12	change_category
47	Can delete category	12	delete_category
48	Can view category	12	view_category
49	Can add subcategory	13	add_subcategory
50	Can change subcategory	13	change_subcategory
51	Can delete subcategory	13	delete_subcategory
52	Can view subcategory	13	view_subcategory
53	Can add note	14	add_note
54	Can change note	14	change_note
55	Can delete note	14	delete_note
56	Can view note	14	view_note
\.


--
-- Data for Name: auth_user; Type: TABLE DATA; Schema: public; Owner: habituser
--

COPY public.auth_user (id, password, last_login, is_superuser, username, first_name, last_name, email, is_staff, is_active, date_joined) FROM stdin;
1	pbkdf2_sha256$600000$bVzzzvz9bDIMSJSNEktTjp$HkOcOQGjKqrPSTV4MbfaltQeOgGwPOKO66c1FfGGQvM=	2026-06-04 09:21:33.337728+03	t	alex			alex@alex.com	t	t	2026-05-03 18:14:43.943014+03
\.


--
-- Data for Name: auth_user_groups; Type: TABLE DATA; Schema: public; Owner: habituser
--

COPY public.auth_user_groups (id, user_id, group_id) FROM stdin;
\.


--
-- Data for Name: auth_user_user_permissions; Type: TABLE DATA; Schema: public; Owner: habituser
--

COPY public.auth_user_user_permissions (id, user_id, permission_id) FROM stdin;
\.


--
-- Data for Name: django_admin_log; Type: TABLE DATA; Schema: public; Owner: habituser
--

COPY public.django_admin_log (id, action_time, object_id, object_repr, action_flag, change_message, content_type_id, user_id) FROM stdin;
\.


--
-- Data for Name: django_content_type; Type: TABLE DATA; Schema: public; Owner: habituser
--

COPY public.django_content_type (id, app_label, model) FROM stdin;
1	admin	logentry
2	auth	permission
3	auth	group
4	auth	user
5	contenttypes	contenttype
6	sessions	session
7	habits	habit
8	habits	entry
9	tasks	plan
10	tasks	task
11	tasks	taskplan
12	notes	category
13	notes	subcategory
14	notes	note
\.


--
-- Data for Name: django_migrations; Type: TABLE DATA; Schema: public; Owner: habituser
--

COPY public.django_migrations (id, app, name, applied) FROM stdin;
1	contenttypes	0001_initial	2026-05-03 18:11:35.986993+03
2	auth	0001_initial	2026-05-03 18:11:36.139235+03
3	admin	0001_initial	2026-05-03 18:11:36.18301+03
4	admin	0002_logentry_remove_auto_add	2026-05-03 18:11:36.202099+03
5	admin	0003_logentry_add_action_flag_choices	2026-05-03 18:11:36.217676+03
6	contenttypes	0002_remove_content_type_name	2026-05-03 18:11:36.247995+03
7	auth	0002_alter_permission_name_max_length	2026-05-03 18:11:36.267867+03
8	auth	0003_alter_user_email_max_length	2026-05-03 18:11:36.287757+03
9	auth	0004_alter_user_username_opts	2026-05-03 18:11:36.302799+03
10	auth	0005_alter_user_last_login_null	2026-05-03 18:11:36.315811+03
11	auth	0006_require_contenttypes_0002	2026-05-03 18:11:36.320886+03
12	auth	0007_alter_validators_add_error_messages	2026-05-03 18:11:36.334715+03
13	auth	0008_alter_user_username_max_length	2026-05-03 18:11:36.356358+03
14	auth	0009_alter_user_last_name_max_length	2026-05-03 18:11:36.381816+03
15	auth	0010_alter_group_name_max_length	2026-05-03 18:11:36.400254+03
16	auth	0011_update_proxy_permissions	2026-05-03 18:11:36.414743+03
17	auth	0012_alter_user_first_name_max_length	2026-05-03 18:11:36.434211+03
18	habits	0001_initial	2026-05-03 18:11:36.509645+03
19	notes	0001_initial	2026-05-03 18:11:36.62638+03
20	sessions	0001_initial	2026-05-03 18:11:36.654138+03
21	tasks	0001_initial	2026-05-03 18:11:36.778055+03
\.


--
-- Data for Name: django_session; Type: TABLE DATA; Schema: public; Owner: habituser
--

COPY public.django_session (session_key, session_data, expire_date) FROM stdin;
\.


--
-- Data for Name: habits_entry; Type: TABLE DATA; Schema: public; Owner: habituser
--

COPY public.habits_entry (id, date, status, notes, created_at, habit_id) FROM stdin;
1	2026-05-01	not_done		2026-05-03 23:01:25.727141+03	1
3	2026-05-03	empty		2026-05-03 23:01:49.703248+03	1
2	2026-05-02	empty		2026-05-03 23:01:27.861884+03	1
4	2026-05-02	done		2026-05-04 08:44:34.046423+03	2
5	2026-05-02	done		2026-05-04 11:04:08.989886+03	3
6	2026-05-03	done		2026-05-04 11:06:31.393218+03	2
7	2026-05-04	done		2026-05-05 19:15:12.998503+03	4
8	2026-05-03	done		2026-05-05 19:15:20.970313+03	4
9	2026-05-04	done		2026-05-05 19:15:28.007075+03	3
10	2026-05-03	done		2026-05-05 19:15:30.429257+03	3
11	2026-05-04	done		2026-05-05 19:15:38.801816+03	2
12	2026-05-04	done		2026-05-05 19:15:43.081959+03	1
13	2026-05-04	done		2026-05-05 19:15:55.614984+03	5
14	2026-05-03	done		2026-05-05 19:15:57.850872+03	5
15	2026-05-05	done		2026-05-06 00:34:06.266341+03	4
16	2026-05-05	done		2026-05-06 00:34:10.880541+03	5
17	2026-05-05	done		2026-05-06 00:34:19.38309+03	3
18	2026-05-05	done		2026-05-06 00:34:31.864628+03	2
19	2026-05-05	done		2026-05-06 00:34:40.263202+03	1
\.


--
-- Data for Name: habits_habit; Type: TABLE DATA; Schema: public; Owner: habituser
--

COPY public.habits_habit (id, name, description, is_active, created_at, user_id) FROM stdin;
1	3 стакана воды каждый день	Пьём воду	t	2026-05-03 18:17:53.368372+03	1
2	Зарядка каждый день		t	2026-05-04 08:44:25.772975+03	1
3	15000 шагов в день		t	2026-05-04 08:44:56.639185+03	1
4	15 отжиманий		t	2026-05-04 08:46:51.959135+03	1
5	< 400 ккал в день	Есть меньше 400 "мусорных" килокалорий в день. В ненужные каллории входят все сладости, чипсы и сладкие напитки	t	2026-05-04 11:06:16.565174+03	1
\.


--
-- Data for Name: notes_category; Type: TABLE DATA; Schema: public; Owner: habituser
--

COPY public.notes_category (id, name, color, created_at, user_id) FROM stdin;
1	Нейросети ( AI )	#f7c611	2026-05-04 10:53:27.199927+03	1
2	Крипта	#00a803	2026-05-04 16:45:15.557224+03	1
3	Референсы	#2b86fd	2026-05-06 12:45:55.090937+03	1
4	Заработок	#00bd29	2026-05-08 09:13:13.216351+03	1
5	Программирование	#aa4bdd	2026-05-09 13:58:22.203058+03	1
6	Лайфхаки для детей	#9d3bff	2026-05-12 18:11:28.94628+03	1
7	Аккаунты	#ad9248	2026-05-22 15:15:47.914532+03	1
8	Книги	#5b4099	2026-05-25 11:09:21.076113+03	1
9	Решеные проблемы	#648ff2	2026-06-01 18:14:38.560149+03	1
10	Менторы	#60a37c	2026-06-04 09:22:36.637119+03	1
\.


--
-- Data for Name: notes_note; Type: TABLE DATA; Schema: public; Owner: habituser
--

COPY public.notes_note (id, title, description, url, created_at, updated_at, category_id, subcategory_id, user_id) FROM stdin;
1	AI под задачу	Какая нейронка для чего лучше	https://youtube.com/shorts/IS4o2G2U8S4?si=9ZjKZ3XJ3IfrPLae	2026-05-04 10:54:49.031445+03	2026-05-04 10:54:49.031475+03	1	\N	1
2	AI для изображений		https://youtube.com/shorts/IS4o2G2U8S4?si=9ZjKZ3XJ3IfrPLae	2026-05-04 12:47:24.030888+03	2026-05-04 12:47:24.030912+03	1	\N	1
3	Скринер арбитража (скрипт?)		https://www.youtube.com/watch?v=hZOp25xEcYg	2026-05-04 16:45:39.497291+03	2026-05-04 16:45:39.497315+03	2	\N	1
4	Дизайны сайтов/дашбордов		https://dribbble.com/	2026-05-06 12:46:23.737624+03	2026-05-06 12:46:44.650452+03	3	\N	1
10	Логи/Ошибки/Конфиги [Linux]	Основные системные логи /var/log/\r\n\r\nЛоги Apache\r\nОсновной лог ошибок: /var/log/apache2/error.log\r\nЛог доступа: /var/log/apache2/access.log\r\n\r\nЛоги конкретных виртуальных хостов можно задать внутри <VirtualHost>:\r\napacheErrorLog ${APACHE_LOG_DIR}/my-site_error.log\r\nCustomLog ${APACHE_LOG_DIR}/my-site_access.log combined\r\n\r\n\r\nГлавные конфиги системы /etc/\r\nКонфиги сервисов /etc/<service-name>/\r\n\r\nКонфигурационные файлы Apache\r\nГлавный конфиг: \r\n/etc/apache2/apache2.conf\r\n\r\nПорт и базовые настройки:\r\n/etc/apache2/ports.conf\r\n\r\nВиртуальные хосты:\r\n/etc/apache2/sites-available/ — хранятся все сайты\r\n/etc/apache2/sites-enabled/ — включённые сайты (симлинки на sites-available)\r\n\r\nМодули:\r\n/etc/apache2/mods-available/ — доступные модули\r\n/etc/apache2/mods-enabled/ — включённые модули (симлинки)\r\n\r\nДополнительные конфиги: \r\n/etc/apache2/conf-available/\r\n/etc/apache2/conf-enabled/\r\n\r\n\r\nПосле изменения конфига сервиса: systemctl restart service		2026-05-11 13:46:45.665321+03	2026-05-15 13:46:23.849177+03	5	\N	1
14	Git заметки	Согласованность окончания строк CRLF / LF\r\ngit config --global core.autocrlf true\r\nнастройка применяет CRLF для винды, в репозиторий отправляет с LF (git/linux/docker стиль)		2026-05-15 13:48:08.129602+03	2026-05-15 13:48:08.12963+03	5	\N	1
5	Биржи (аки)	Bybit - (KYC) sashka7onov@yandex.ru / пароль хз / G authenticator\r\n\r\nOKX - (KYC) sashka7onov@yandex.ru / std / G authenticator\r\n\r\nMEXC - sashka7onoff@gmail.com / пароль хз / G authenticator\r\n\r\nBitget - (KYC) sashka7onoff@gmail.com / пароль хз / G authenticator\r\n(Вход Google auth + authenticator)\r\n\r\nGate - sashka7onoff@gmail.com / пароль хз  / G authenticator\r\n(Вход Google auth + authenticator)		2026-05-06 17:18:31.797927+03	2026-05-06 20:47:26.585875+03	2	\N	1
6	AI оценивает дизайн	Нейронка смотрит скриншоты дизайна и дает оценку и рекомендации	https://youtube.com/shorts/IS4o2G2U8S4?si=9ZjKZ3XJ3IfrPLae	2026-05-08 00:54:58.676732+03	2026-05-08 00:54:58.67678+03	1	\N	1
7	На нарезках сериалов		https://youtube.com/shorts/IS4o2G2U8S4?si=9ZjKZ3XJ3IfrPLae	2026-05-08 09:13:36.613355+03	2026-05-08 09:13:36.613381+03	4	\N	1
8	Статья про Git	Git основы и ссылки на полезные материалы	https://habr.com/ru/companies/surfstudio/articles/973304/	2026-05-09 13:58:56.729979+03	2026-05-09 13:59:04.572343+03	5	\N	1
9	Деплой Джанго	1. Заливаем файлы на сервер (без файлов IDE, venv и т.п)\r\n2. На сервере python -m vevn venv (создаем окружение)\r\n3. Устанавливаем пакеты из requirments.txt\r\n4. Устанавливаем gunicorn (если не установился из requirments.txt (pip install django gunicorn psycopg2-binary))\r\n4.1 Создаем виртуальный хост (апачи проксирует на gunicorn)\r\n4.2 включаем модули Apache\r\n    sudo a2enmod proxy\r\n    sudo a2enmod proxy_http\r\n    sudo systemctl restart apache2\r\n5. Создать сервис для gunicorn (nano /etc/systemd/system/app_name.service)\r\n6. Автозапуск сервиса (\r\n    sudo systemctl daemon-reload\r\n    sudo systemctl start app_name\r\n    sudo systemctl enable app_name\r\n)		2026-05-10 14:21:45.819994+03	2026-05-10 14:40:41.192373+03	5	\N	1
11	Бесплатные ИИшки		https://youtube.com/shorts/8BCJejNZZGs?si=FakBJroIA8iBy3Lv	2026-05-12 17:52:45.537212+03	2026-05-12 17:52:45.537238+03	1	\N	1
12	DIY занимашки (природа)		https://youtube.com/shorts/8BCJejNZZGs?si=FakBJroIA8iBy3Lv	2026-05-12 18:12:30.067793+03	2026-05-12 18:12:43.272155+03	6	\N	1
13	AI рекламный ролик		https://youtube.com/shorts/8BCJejNZZGs?si=FakBJroIA8iBy3Lv	2026-05-14 12:02:07.331489+03	2026-05-14 12:02:07.331516+03	1	\N	1
15	Безопасность сервера		https://youtube.com/shorts/IS4o2G2U8S4?si=9ZjKZ3XJ3IfrPLae	2026-05-18 19:27:47.500254+03	2026-05-18 19:27:47.500355+03	5	\N	1
16	Английский с AI		https://youtube.com/shorts/8BCJejNZZGs?si=FakBJroIA8iBy3Lv	2026-05-20 19:05:12.109967+03	2026-05-20 19:05:12.109996+03	1	\N	1
17	Sharewood (складчины)	логин: sashka7onoff@gmail.com\r\nпароль: ???	https://s1.sharewood.tech/	2026-05-22 15:16:34.330528+03	2026-05-22 15:16:34.33055+03	7	\N	1
18	Че почитать 12Г		https://youtube.com/shorts/7L2V9nVvD74?is=dn1NnINzTG8zKjW9	2026-05-25 11:10:00.674028+03	2026-05-25 11:10:00.674059+03	8	\N	1
19	Че почитать 2		https://youtube.com/shorts/ue4KvV9epFc?is=p85FGE4meLJXzcA9	2026-05-25 11:53:21.51143+03	2026-05-25 11:53:21.511458+03	8	\N	1
20	Vdsina (ip.****@...l.com	стандарт + .com (нужно было минимум 16 символов)		2026-05-29 19:49:27.945683+03	2026-05-29 19:49:27.945706+03	7	\N	1
21	TLS handshake timeout (не скачивался докер образ)	powershell\r\nipconfig /flushdns\r\n# Затем перезапустите Docker Desktop		2026-06-01 18:15:18.954455+03	2026-06-01 18:15:18.954474+03	9	\N	1
22	Из ютуба (собесы)		https://youtube.com/shorts/IS4o2G2U8S4?si=9ZjKZ3XJ3IfrPLae	2026-06-04 09:23:09.178905+03	2026-06-04 09:23:09.178924+03	10	\N	1
23	Python для Excel с библиотекой openpyxl (2025)		https://s1.sharewood.tech/threads/stepik-future-people-python-dlja-excel-s-bibliotekoj-openpyxl-2025.502006/	2026-06-06 20:11:18.15302+03	2026-06-06 20:11:18.153045+03	5	\N	1
24	Многопроцессорный Python (2025)		https://s1.sharewood.tech/threads/stepik-pavel-xoshev-mnogoprocessornyj-python-2025.491407/	2026-06-06 20:11:55.216791+03	2026-06-06 20:11:55.216816+03	5	\N	1
25	С нуля до продажи первого ТГ бота на Python (2025)		https://s1.sharewood.tech/threads/direcode-s-nulja-do-prodazhi-pervogo-tg-bota-na-python-2025.488992/	2026-06-06 20:12:33.546867+03	2026-06-06 20:12:33.546892+03	5	\N	1
\.


--
-- Data for Name: notes_subcategory; Type: TABLE DATA; Schema: public; Owner: habituser
--

COPY public.notes_subcategory (id, name, created_at, category_id, user_id) FROM stdin;
1	Деплой	2026-05-10 14:13:37.335413+03	5	1
\.


--
-- Data for Name: tasks_plan; Type: TABLE DATA; Schema: public; Owner: habituser
--

COPY public.tasks_plan (id, name, type, start_date, end_date, is_active, created_at, user_id) FROM stdin;
1	Сегодня (04.05.26)	day	\N	\N	t	2026-05-04 09:20:06.388056+03	1
2	Май 2026	month	\N	\N	t	2026-05-06 07:51:52.384813+03	1
3	Сегодня (06.05.2026)	day	\N	\N	t	2026-05-06 16:50:23.266172+03	1
\.


--
-- Data for Name: tasks_task; Type: TABLE DATA; Schema: public; Owner: habituser
--

COPY public.tasks_task (id, title, description, status, priority, created_at, updated_at, parent_id, user_id) FROM stdin;
3	Выйти на  $30+ в день		todo	3	2026-05-06 07:51:22.751393+03	2026-05-06 07:51:22.751414+03	\N	1
4	Перенести симку из старого телефона в новый		in_progress	3	2026-05-06 16:50:45.906184+03	2026-05-06 16:50:54.352591+03	\N	1
5	$ 3000 в автотрейдинг (боты/копитрейдинг)		todo	3	2026-05-19 16:09:21.502051+03	2026-05-19 16:09:21.502079+03	\N	1
6	Ознакомиться с Тестированием (pytest)		todo	3	2026-05-19 16:09:59.608225+03	2026-05-19 16:09:59.608252+03	\N	1
7	[Практика] Задеплоить в докере проект (crm)		todo	3	2026-05-19 16:10:34.938371+03	2026-05-19 16:10:34.938401+03	\N	1
\.


--
-- Data for Name: tasks_taskplan; Type: TABLE DATA; Schema: public; Owner: habituser
--

COPY public.tasks_taskplan (id, added_at, is_active, plan_id, task_id) FROM stdin;
3	2026-05-06 07:51:22.758805+03	t	1	3
4	2026-05-06 16:50:45.91814+03	t	3	4
5	2026-05-19 16:09:21.517198+03	t	3	5
6	2026-05-19 16:09:59.619092+03	t	3	6
7	2026-05-19 16:10:34.948667+03	t	3	7
\.


--
-- Name: auth_group_id_seq; Type: SEQUENCE SET; Schema: public; Owner: habituser
--

SELECT pg_catalog.setval('public.auth_group_id_seq', 1, false);


--
-- Name: auth_group_permissions_id_seq; Type: SEQUENCE SET; Schema: public; Owner: habituser
--

SELECT pg_catalog.setval('public.auth_group_permissions_id_seq', 1, false);


--
-- Name: auth_permission_id_seq; Type: SEQUENCE SET; Schema: public; Owner: habituser
--

SELECT pg_catalog.setval('public.auth_permission_id_seq', 56, true);


--
-- Name: auth_user_groups_id_seq; Type: SEQUENCE SET; Schema: public; Owner: habituser
--

SELECT pg_catalog.setval('public.auth_user_groups_id_seq', 1, false);


--
-- Name: auth_user_id_seq; Type: SEQUENCE SET; Schema: public; Owner: habituser
--

SELECT pg_catalog.setval('public.auth_user_id_seq', 1, true);


--
-- Name: auth_user_user_permissions_id_seq; Type: SEQUENCE SET; Schema: public; Owner: habituser
--

SELECT pg_catalog.setval('public.auth_user_user_permissions_id_seq', 1, false);


--
-- Name: django_admin_log_id_seq; Type: SEQUENCE SET; Schema: public; Owner: habituser
--

SELECT pg_catalog.setval('public.django_admin_log_id_seq', 1, false);


--
-- Name: django_content_type_id_seq; Type: SEQUENCE SET; Schema: public; Owner: habituser
--

SELECT pg_catalog.setval('public.django_content_type_id_seq', 14, true);


--
-- Name: django_migrations_id_seq; Type: SEQUENCE SET; Schema: public; Owner: habituser
--

SELECT pg_catalog.setval('public.django_migrations_id_seq', 21, true);


--
-- Name: habits_entry_id_seq; Type: SEQUENCE SET; Schema: public; Owner: habituser
--

SELECT pg_catalog.setval('public.habits_entry_id_seq', 19, true);


--
-- Name: habits_habit_id_seq; Type: SEQUENCE SET; Schema: public; Owner: habituser
--

SELECT pg_catalog.setval('public.habits_habit_id_seq', 5, true);


--
-- Name: notes_category_id_seq; Type: SEQUENCE SET; Schema: public; Owner: habituser
--

SELECT pg_catalog.setval('public.notes_category_id_seq', 10, true);


--
-- Name: notes_note_id_seq; Type: SEQUENCE SET; Schema: public; Owner: habituser
--

SELECT pg_catalog.setval('public.notes_note_id_seq', 25, true);


--
-- Name: notes_subcategory_id_seq; Type: SEQUENCE SET; Schema: public; Owner: habituser
--

SELECT pg_catalog.setval('public.notes_subcategory_id_seq', 1, true);


--
-- Name: tasks_plan_id_seq; Type: SEQUENCE SET; Schema: public; Owner: habituser
--

SELECT pg_catalog.setval('public.tasks_plan_id_seq', 3, true);


--
-- Name: tasks_task_id_seq; Type: SEQUENCE SET; Schema: public; Owner: habituser
--

SELECT pg_catalog.setval('public.tasks_task_id_seq', 7, true);


--
-- Name: tasks_taskplan_id_seq; Type: SEQUENCE SET; Schema: public; Owner: habituser
--

SELECT pg_catalog.setval('public.tasks_taskplan_id_seq', 7, true);


--
-- Name: auth_group auth_group_name_key; Type: CONSTRAINT; Schema: public; Owner: habituser
--

ALTER TABLE ONLY public.auth_group
    ADD CONSTRAINT auth_group_name_key UNIQUE (name);


--
-- Name: auth_group_permissions auth_group_permissions_group_id_permission_id_0cd325b0_uniq; Type: CONSTRAINT; Schema: public; Owner: habituser
--

ALTER TABLE ONLY public.auth_group_permissions
    ADD CONSTRAINT auth_group_permissions_group_id_permission_id_0cd325b0_uniq UNIQUE (group_id, permission_id);


--
-- Name: auth_group_permissions auth_group_permissions_pkey; Type: CONSTRAINT; Schema: public; Owner: habituser
--

ALTER TABLE ONLY public.auth_group_permissions
    ADD CONSTRAINT auth_group_permissions_pkey PRIMARY KEY (id);


--
-- Name: auth_group auth_group_pkey; Type: CONSTRAINT; Schema: public; Owner: habituser
--

ALTER TABLE ONLY public.auth_group
    ADD CONSTRAINT auth_group_pkey PRIMARY KEY (id);


--
-- Name: auth_permission auth_permission_content_type_id_codename_01ab375a_uniq; Type: CONSTRAINT; Schema: public; Owner: habituser
--

ALTER TABLE ONLY public.auth_permission
    ADD CONSTRAINT auth_permission_content_type_id_codename_01ab375a_uniq UNIQUE (content_type_id, codename);


--
-- Name: auth_permission auth_permission_pkey; Type: CONSTRAINT; Schema: public; Owner: habituser
--

ALTER TABLE ONLY public.auth_permission
    ADD CONSTRAINT auth_permission_pkey PRIMARY KEY (id);


--
-- Name: auth_user_groups auth_user_groups_pkey; Type: CONSTRAINT; Schema: public; Owner: habituser
--

ALTER TABLE ONLY public.auth_user_groups
    ADD CONSTRAINT auth_user_groups_pkey PRIMARY KEY (id);


--
-- Name: auth_user_groups auth_user_groups_user_id_group_id_94350c0c_uniq; Type: CONSTRAINT; Schema: public; Owner: habituser
--

ALTER TABLE ONLY public.auth_user_groups
    ADD CONSTRAINT auth_user_groups_user_id_group_id_94350c0c_uniq UNIQUE (user_id, group_id);


--
-- Name: auth_user auth_user_pkey; Type: CONSTRAINT; Schema: public; Owner: habituser
--

ALTER TABLE ONLY public.auth_user
    ADD CONSTRAINT auth_user_pkey PRIMARY KEY (id);


--
-- Name: auth_user_user_permissions auth_user_user_permissions_pkey; Type: CONSTRAINT; Schema: public; Owner: habituser
--

ALTER TABLE ONLY public.auth_user_user_permissions
    ADD CONSTRAINT auth_user_user_permissions_pkey PRIMARY KEY (id);


--
-- Name: auth_user_user_permissions auth_user_user_permissions_user_id_permission_id_14a6b632_uniq; Type: CONSTRAINT; Schema: public; Owner: habituser
--

ALTER TABLE ONLY public.auth_user_user_permissions
    ADD CONSTRAINT auth_user_user_permissions_user_id_permission_id_14a6b632_uniq UNIQUE (user_id, permission_id);


--
-- Name: auth_user auth_user_username_key; Type: CONSTRAINT; Schema: public; Owner: habituser
--

ALTER TABLE ONLY public.auth_user
    ADD CONSTRAINT auth_user_username_key UNIQUE (username);


--
-- Name: django_admin_log django_admin_log_pkey; Type: CONSTRAINT; Schema: public; Owner: habituser
--

ALTER TABLE ONLY public.django_admin_log
    ADD CONSTRAINT django_admin_log_pkey PRIMARY KEY (id);


--
-- Name: django_content_type django_content_type_app_label_model_76bd3d3b_uniq; Type: CONSTRAINT; Schema: public; Owner: habituser
--

ALTER TABLE ONLY public.django_content_type
    ADD CONSTRAINT django_content_type_app_label_model_76bd3d3b_uniq UNIQUE (app_label, model);


--
-- Name: django_content_type django_content_type_pkey; Type: CONSTRAINT; Schema: public; Owner: habituser
--

ALTER TABLE ONLY public.django_content_type
    ADD CONSTRAINT django_content_type_pkey PRIMARY KEY (id);


--
-- Name: django_migrations django_migrations_pkey; Type: CONSTRAINT; Schema: public; Owner: habituser
--

ALTER TABLE ONLY public.django_migrations
    ADD CONSTRAINT django_migrations_pkey PRIMARY KEY (id);


--
-- Name: django_session django_session_pkey; Type: CONSTRAINT; Schema: public; Owner: habituser
--

ALTER TABLE ONLY public.django_session
    ADD CONSTRAINT django_session_pkey PRIMARY KEY (session_key);


--
-- Name: habits_entry habits_entry_habit_id_date_327bee88_uniq; Type: CONSTRAINT; Schema: public; Owner: habituser
--

ALTER TABLE ONLY public.habits_entry
    ADD CONSTRAINT habits_entry_habit_id_date_327bee88_uniq UNIQUE (habit_id, date);


--
-- Name: habits_entry habits_entry_pkey; Type: CONSTRAINT; Schema: public; Owner: habituser
--

ALTER TABLE ONLY public.habits_entry
    ADD CONSTRAINT habits_entry_pkey PRIMARY KEY (id);


--
-- Name: habits_habit habits_habit_pkey; Type: CONSTRAINT; Schema: public; Owner: habituser
--

ALTER TABLE ONLY public.habits_habit
    ADD CONSTRAINT habits_habit_pkey PRIMARY KEY (id);


--
-- Name: notes_category notes_category_pkey; Type: CONSTRAINT; Schema: public; Owner: habituser
--

ALTER TABLE ONLY public.notes_category
    ADD CONSTRAINT notes_category_pkey PRIMARY KEY (id);


--
-- Name: notes_note notes_note_pkey; Type: CONSTRAINT; Schema: public; Owner: habituser
--

ALTER TABLE ONLY public.notes_note
    ADD CONSTRAINT notes_note_pkey PRIMARY KEY (id);


--
-- Name: notes_subcategory notes_subcategory_category_id_name_98d4e45d_uniq; Type: CONSTRAINT; Schema: public; Owner: habituser
--

ALTER TABLE ONLY public.notes_subcategory
    ADD CONSTRAINT notes_subcategory_category_id_name_98d4e45d_uniq UNIQUE (category_id, name);


--
-- Name: notes_subcategory notes_subcategory_pkey; Type: CONSTRAINT; Schema: public; Owner: habituser
--

ALTER TABLE ONLY public.notes_subcategory
    ADD CONSTRAINT notes_subcategory_pkey PRIMARY KEY (id);


--
-- Name: tasks_plan tasks_plan_pkey; Type: CONSTRAINT; Schema: public; Owner: habituser
--

ALTER TABLE ONLY public.tasks_plan
    ADD CONSTRAINT tasks_plan_pkey PRIMARY KEY (id);


--
-- Name: tasks_task tasks_task_pkey; Type: CONSTRAINT; Schema: public; Owner: habituser
--

ALTER TABLE ONLY public.tasks_task
    ADD CONSTRAINT tasks_task_pkey PRIMARY KEY (id);


--
-- Name: tasks_taskplan tasks_taskplan_pkey; Type: CONSTRAINT; Schema: public; Owner: habituser
--

ALTER TABLE ONLY public.tasks_taskplan
    ADD CONSTRAINT tasks_taskplan_pkey PRIMARY KEY (id);


--
-- Name: tasks_taskplan tasks_taskplan_task_id_plan_id_6c4f92d3_uniq; Type: CONSTRAINT; Schema: public; Owner: habituser
--

ALTER TABLE ONLY public.tasks_taskplan
    ADD CONSTRAINT tasks_taskplan_task_id_plan_id_6c4f92d3_uniq UNIQUE (task_id, plan_id);


--
-- Name: auth_group_name_a6ea08ec_like; Type: INDEX; Schema: public; Owner: habituser
--

CREATE INDEX auth_group_name_a6ea08ec_like ON public.auth_group USING btree (name varchar_pattern_ops);


--
-- Name: auth_group_permissions_group_id_b120cbf9; Type: INDEX; Schema: public; Owner: habituser
--

CREATE INDEX auth_group_permissions_group_id_b120cbf9 ON public.auth_group_permissions USING btree (group_id);


--
-- Name: auth_group_permissions_permission_id_84c5c92e; Type: INDEX; Schema: public; Owner: habituser
--

CREATE INDEX auth_group_permissions_permission_id_84c5c92e ON public.auth_group_permissions USING btree (permission_id);


--
-- Name: auth_permission_content_type_id_2f476e4b; Type: INDEX; Schema: public; Owner: habituser
--

CREATE INDEX auth_permission_content_type_id_2f476e4b ON public.auth_permission USING btree (content_type_id);


--
-- Name: auth_user_groups_group_id_97559544; Type: INDEX; Schema: public; Owner: habituser
--

CREATE INDEX auth_user_groups_group_id_97559544 ON public.auth_user_groups USING btree (group_id);


--
-- Name: auth_user_groups_user_id_6a12ed8b; Type: INDEX; Schema: public; Owner: habituser
--

CREATE INDEX auth_user_groups_user_id_6a12ed8b ON public.auth_user_groups USING btree (user_id);


--
-- Name: auth_user_user_permissions_permission_id_1fbb5f2c; Type: INDEX; Schema: public; Owner: habituser
--

CREATE INDEX auth_user_user_permissions_permission_id_1fbb5f2c ON public.auth_user_user_permissions USING btree (permission_id);


--
-- Name: auth_user_user_permissions_user_id_a95ead1b; Type: INDEX; Schema: public; Owner: habituser
--

CREATE INDEX auth_user_user_permissions_user_id_a95ead1b ON public.auth_user_user_permissions USING btree (user_id);


--
-- Name: auth_user_username_6821ab7c_like; Type: INDEX; Schema: public; Owner: habituser
--

CREATE INDEX auth_user_username_6821ab7c_like ON public.auth_user USING btree (username varchar_pattern_ops);


--
-- Name: django_admin_log_content_type_id_c4bce8eb; Type: INDEX; Schema: public; Owner: habituser
--

CREATE INDEX django_admin_log_content_type_id_c4bce8eb ON public.django_admin_log USING btree (content_type_id);


--
-- Name: django_admin_log_user_id_c564eba6; Type: INDEX; Schema: public; Owner: habituser
--

CREATE INDEX django_admin_log_user_id_c564eba6 ON public.django_admin_log USING btree (user_id);


--
-- Name: django_session_expire_date_a5c62663; Type: INDEX; Schema: public; Owner: habituser
--

CREATE INDEX django_session_expire_date_a5c62663 ON public.django_session USING btree (expire_date);


--
-- Name: django_session_session_key_c0390e0f_like; Type: INDEX; Schema: public; Owner: habituser
--

CREATE INDEX django_session_session_key_c0390e0f_like ON public.django_session USING btree (session_key varchar_pattern_ops);


--
-- Name: habits_entry_habit_id_73f73a77; Type: INDEX; Schema: public; Owner: habituser
--

CREATE INDEX habits_entry_habit_id_73f73a77 ON public.habits_entry USING btree (habit_id);


--
-- Name: habits_habit_user_id_0cd069d6; Type: INDEX; Schema: public; Owner: habituser
--

CREATE INDEX habits_habit_user_id_0cd069d6 ON public.habits_habit USING btree (user_id);


--
-- Name: notes_category_user_id_b17705fe; Type: INDEX; Schema: public; Owner: habituser
--

CREATE INDEX notes_category_user_id_b17705fe ON public.notes_category USING btree (user_id);


--
-- Name: notes_note_category_id_dfff76db; Type: INDEX; Schema: public; Owner: habituser
--

CREATE INDEX notes_note_category_id_dfff76db ON public.notes_note USING btree (category_id);


--
-- Name: notes_note_subcategory_id_57e69cea; Type: INDEX; Schema: public; Owner: habituser
--

CREATE INDEX notes_note_subcategory_id_57e69cea ON public.notes_note USING btree (subcategory_id);


--
-- Name: notes_note_user_id_be6c80b4; Type: INDEX; Schema: public; Owner: habituser
--

CREATE INDEX notes_note_user_id_be6c80b4 ON public.notes_note USING btree (user_id);


--
-- Name: notes_subcategory_category_id_654afd39; Type: INDEX; Schema: public; Owner: habituser
--

CREATE INDEX notes_subcategory_category_id_654afd39 ON public.notes_subcategory USING btree (category_id);


--
-- Name: notes_subcategory_user_id_4b258974; Type: INDEX; Schema: public; Owner: habituser
--

CREATE INDEX notes_subcategory_user_id_4b258974 ON public.notes_subcategory USING btree (user_id);


--
-- Name: tasks_plan_user_id_0ad1a342; Type: INDEX; Schema: public; Owner: habituser
--

CREATE INDEX tasks_plan_user_id_0ad1a342 ON public.tasks_plan USING btree (user_id);


--
-- Name: tasks_task_parent_id_ee6a2001; Type: INDEX; Schema: public; Owner: habituser
--

CREATE INDEX tasks_task_parent_id_ee6a2001 ON public.tasks_task USING btree (parent_id);


--
-- Name: tasks_task_user_id_f0e531b0; Type: INDEX; Schema: public; Owner: habituser
--

CREATE INDEX tasks_task_user_id_f0e531b0 ON public.tasks_task USING btree (user_id);


--
-- Name: tasks_taskplan_plan_id_9001c981; Type: INDEX; Schema: public; Owner: habituser
--

CREATE INDEX tasks_taskplan_plan_id_9001c981 ON public.tasks_taskplan USING btree (plan_id);


--
-- Name: tasks_taskplan_task_id_61403c7d; Type: INDEX; Schema: public; Owner: habituser
--

CREATE INDEX tasks_taskplan_task_id_61403c7d ON public.tasks_taskplan USING btree (task_id);


--
-- Name: auth_group_permissions auth_group_permissio_permission_id_84c5c92e_fk_auth_perm; Type: FK CONSTRAINT; Schema: public; Owner: habituser
--

ALTER TABLE ONLY public.auth_group_permissions
    ADD CONSTRAINT auth_group_permissio_permission_id_84c5c92e_fk_auth_perm FOREIGN KEY (permission_id) REFERENCES public.auth_permission(id) DEFERRABLE INITIALLY DEFERRED;


--
-- Name: auth_group_permissions auth_group_permissions_group_id_b120cbf9_fk_auth_group_id; Type: FK CONSTRAINT; Schema: public; Owner: habituser
--

ALTER TABLE ONLY public.auth_group_permissions
    ADD CONSTRAINT auth_group_permissions_group_id_b120cbf9_fk_auth_group_id FOREIGN KEY (group_id) REFERENCES public.auth_group(id) DEFERRABLE INITIALLY DEFERRED;


--
-- Name: auth_permission auth_permission_content_type_id_2f476e4b_fk_django_co; Type: FK CONSTRAINT; Schema: public; Owner: habituser
--

ALTER TABLE ONLY public.auth_permission
    ADD CONSTRAINT auth_permission_content_type_id_2f476e4b_fk_django_co FOREIGN KEY (content_type_id) REFERENCES public.django_content_type(id) DEFERRABLE INITIALLY DEFERRED;


--
-- Name: auth_user_groups auth_user_groups_group_id_97559544_fk_auth_group_id; Type: FK CONSTRAINT; Schema: public; Owner: habituser
--

ALTER TABLE ONLY public.auth_user_groups
    ADD CONSTRAINT auth_user_groups_group_id_97559544_fk_auth_group_id FOREIGN KEY (group_id) REFERENCES public.auth_group(id) DEFERRABLE INITIALLY DEFERRED;


--
-- Name: auth_user_groups auth_user_groups_user_id_6a12ed8b_fk_auth_user_id; Type: FK CONSTRAINT; Schema: public; Owner: habituser
--

ALTER TABLE ONLY public.auth_user_groups
    ADD CONSTRAINT auth_user_groups_user_id_6a12ed8b_fk_auth_user_id FOREIGN KEY (user_id) REFERENCES public.auth_user(id) DEFERRABLE INITIALLY DEFERRED;


--
-- Name: auth_user_user_permissions auth_user_user_permi_permission_id_1fbb5f2c_fk_auth_perm; Type: FK CONSTRAINT; Schema: public; Owner: habituser
--

ALTER TABLE ONLY public.auth_user_user_permissions
    ADD CONSTRAINT auth_user_user_permi_permission_id_1fbb5f2c_fk_auth_perm FOREIGN KEY (permission_id) REFERENCES public.auth_permission(id) DEFERRABLE INITIALLY DEFERRED;


--
-- Name: auth_user_user_permissions auth_user_user_permissions_user_id_a95ead1b_fk_auth_user_id; Type: FK CONSTRAINT; Schema: public; Owner: habituser
--

ALTER TABLE ONLY public.auth_user_user_permissions
    ADD CONSTRAINT auth_user_user_permissions_user_id_a95ead1b_fk_auth_user_id FOREIGN KEY (user_id) REFERENCES public.auth_user(id) DEFERRABLE INITIALLY DEFERRED;


--
-- Name: django_admin_log django_admin_log_content_type_id_c4bce8eb_fk_django_co; Type: FK CONSTRAINT; Schema: public; Owner: habituser
--

ALTER TABLE ONLY public.django_admin_log
    ADD CONSTRAINT django_admin_log_content_type_id_c4bce8eb_fk_django_co FOREIGN KEY (content_type_id) REFERENCES public.django_content_type(id) DEFERRABLE INITIALLY DEFERRED;


--
-- Name: django_admin_log django_admin_log_user_id_c564eba6_fk_auth_user_id; Type: FK CONSTRAINT; Schema: public; Owner: habituser
--

ALTER TABLE ONLY public.django_admin_log
    ADD CONSTRAINT django_admin_log_user_id_c564eba6_fk_auth_user_id FOREIGN KEY (user_id) REFERENCES public.auth_user(id) DEFERRABLE INITIALLY DEFERRED;


--
-- Name: habits_entry habits_entry_habit_id_73f73a77_fk_habits_habit_id; Type: FK CONSTRAINT; Schema: public; Owner: habituser
--

ALTER TABLE ONLY public.habits_entry
    ADD CONSTRAINT habits_entry_habit_id_73f73a77_fk_habits_habit_id FOREIGN KEY (habit_id) REFERENCES public.habits_habit(id) DEFERRABLE INITIALLY DEFERRED;


--
-- Name: habits_habit habits_habit_user_id_0cd069d6_fk_auth_user_id; Type: FK CONSTRAINT; Schema: public; Owner: habituser
--

ALTER TABLE ONLY public.habits_habit
    ADD CONSTRAINT habits_habit_user_id_0cd069d6_fk_auth_user_id FOREIGN KEY (user_id) REFERENCES public.auth_user(id) DEFERRABLE INITIALLY DEFERRED;


--
-- Name: notes_category notes_category_user_id_b17705fe_fk_auth_user_id; Type: FK CONSTRAINT; Schema: public; Owner: habituser
--

ALTER TABLE ONLY public.notes_category
    ADD CONSTRAINT notes_category_user_id_b17705fe_fk_auth_user_id FOREIGN KEY (user_id) REFERENCES public.auth_user(id) DEFERRABLE INITIALLY DEFERRED;


--
-- Name: notes_note notes_note_category_id_dfff76db_fk_notes_category_id; Type: FK CONSTRAINT; Schema: public; Owner: habituser
--

ALTER TABLE ONLY public.notes_note
    ADD CONSTRAINT notes_note_category_id_dfff76db_fk_notes_category_id FOREIGN KEY (category_id) REFERENCES public.notes_category(id) DEFERRABLE INITIALLY DEFERRED;


--
-- Name: notes_note notes_note_subcategory_id_57e69cea_fk_notes_subcategory_id; Type: FK CONSTRAINT; Schema: public; Owner: habituser
--

ALTER TABLE ONLY public.notes_note
    ADD CONSTRAINT notes_note_subcategory_id_57e69cea_fk_notes_subcategory_id FOREIGN KEY (subcategory_id) REFERENCES public.notes_subcategory(id) DEFERRABLE INITIALLY DEFERRED;


--
-- Name: notes_note notes_note_user_id_be6c80b4_fk_auth_user_id; Type: FK CONSTRAINT; Schema: public; Owner: habituser
--

ALTER TABLE ONLY public.notes_note
    ADD CONSTRAINT notes_note_user_id_be6c80b4_fk_auth_user_id FOREIGN KEY (user_id) REFERENCES public.auth_user(id) DEFERRABLE INITIALLY DEFERRED;


--
-- Name: notes_subcategory notes_subcategory_category_id_654afd39_fk_notes_category_id; Type: FK CONSTRAINT; Schema: public; Owner: habituser
--

ALTER TABLE ONLY public.notes_subcategory
    ADD CONSTRAINT notes_subcategory_category_id_654afd39_fk_notes_category_id FOREIGN KEY (category_id) REFERENCES public.notes_category(id) DEFERRABLE INITIALLY DEFERRED;


--
-- Name: notes_subcategory notes_subcategory_user_id_4b258974_fk_auth_user_id; Type: FK CONSTRAINT; Schema: public; Owner: habituser
--

ALTER TABLE ONLY public.notes_subcategory
    ADD CONSTRAINT notes_subcategory_user_id_4b258974_fk_auth_user_id FOREIGN KEY (user_id) REFERENCES public.auth_user(id) DEFERRABLE INITIALLY DEFERRED;


--
-- Name: tasks_plan tasks_plan_user_id_0ad1a342_fk_auth_user_id; Type: FK CONSTRAINT; Schema: public; Owner: habituser
--

ALTER TABLE ONLY public.tasks_plan
    ADD CONSTRAINT tasks_plan_user_id_0ad1a342_fk_auth_user_id FOREIGN KEY (user_id) REFERENCES public.auth_user(id) DEFERRABLE INITIALLY DEFERRED;


--
-- Name: tasks_task tasks_task_parent_id_ee6a2001_fk_tasks_task_id; Type: FK CONSTRAINT; Schema: public; Owner: habituser
--

ALTER TABLE ONLY public.tasks_task
    ADD CONSTRAINT tasks_task_parent_id_ee6a2001_fk_tasks_task_id FOREIGN KEY (parent_id) REFERENCES public.tasks_task(id) DEFERRABLE INITIALLY DEFERRED;


--
-- Name: tasks_task tasks_task_user_id_f0e531b0_fk_auth_user_id; Type: FK CONSTRAINT; Schema: public; Owner: habituser
--

ALTER TABLE ONLY public.tasks_task
    ADD CONSTRAINT tasks_task_user_id_f0e531b0_fk_auth_user_id FOREIGN KEY (user_id) REFERENCES public.auth_user(id) DEFERRABLE INITIALLY DEFERRED;


--
-- Name: tasks_taskplan tasks_taskplan_plan_id_9001c981_fk_tasks_plan_id; Type: FK CONSTRAINT; Schema: public; Owner: habituser
--

ALTER TABLE ONLY public.tasks_taskplan
    ADD CONSTRAINT tasks_taskplan_plan_id_9001c981_fk_tasks_plan_id FOREIGN KEY (plan_id) REFERENCES public.tasks_plan(id) DEFERRABLE INITIALLY DEFERRED;


--
-- Name: tasks_taskplan tasks_taskplan_task_id_61403c7d_fk_tasks_task_id; Type: FK CONSTRAINT; Schema: public; Owner: habituser
--

ALTER TABLE ONLY public.tasks_taskplan
    ADD CONSTRAINT tasks_taskplan_task_id_61403c7d_fk_tasks_task_id FOREIGN KEY (task_id) REFERENCES public.tasks_task(id) DEFERRABLE INITIALLY DEFERRED;


--
-- PostgreSQL database dump complete
--

\unrestrict R0AHFpCl3NMFivnzy2uQqAKrR1L2S3Kbe9UqpdG3eR25UIaW21PfuJU0VStabxE

